<?xml version="1.0" encoding="UTF-8"?>
<beans xmlns="http://www.springframework.org/schema/beans"
    xmlns:context="http://www.springframework.org/schema/context"
    xmlns:xsi="http://www.w3.org/2001/XMLSchema-instance" xmlns:p="http://www.springframework.org/schema/p"
    xmlns:tx="http://www.springframework.org/schema/tx"
    xsi:schemaLocation="
         http://www.springframework.org/schema/beans
         http://www.springframework.org/schema/beans/spring-beans-4.0.xsd
         http://www.springframework.org/schema/context
         http://www.springframework.org/schema/context/spring-context-4.0.xsd
         http://www.springframework.org/schema/tx
         http://www.springframework.org/schema/tx/spring-tx-4.0.xsd
         http://www.springframework.org/schema/aop
         http://www.springframework.org/schema/aop/spring-aop-4.0.xsd">

<context:component-scan base-package="com.niit" />

<!-- Configuration defining views files -->

<bean class="org.springframework.web.servlet.view.InternalResourceViewResolver">
        <property name="prefix">
            <value>/view/</value>
        </property>
        <property name="suffix">
            <value>.jsp</value>
        </property>
        
        </bean>
        
        	<bean id="multipartResolver"
        class="org.springframework.web.multipart.commons.CommonsMultipartResolver">
 
         <!-- setting maximum upload size in KB -->
        <property name="maxUploadSize" value="100000" />
 

        
        
        
</bean>
</beans>